customer_id,first_name,last_name,state
1,Samuel,Adams,California
2,Jake,Davis,Virginia
3,Mia,Martin,Ohio
4,Gina,Hughes,Texas
5,Gina,Reed,Washington
6,Jake,Clark,California
7,Samuel,Hughes,New York
8,Isla,Martin,Virginia
9,Henry,Hayes,Virginia
10,Ursula,Scott,Texas
11,Samuel,Sanchez,Washington
12,Samuel,Brown,Ohio
13,Mia,Hughes,New York
14,Gina,Scott,West Virginia
15,Isla,Adams,Vermont
16,Noah,Reed,California
17,Kayla,Scott,Vermont
18,Rachel,Brooks,Virginia
19,Gina,Davis,Texas
20,Rachel,Sanchez,New York
21,Rachel,Lee,Florida
22,Samuel,Brown,New York
23,Gina,Sanchez,Virginia
24,Tara,Smith,West Virginia
25,Patrick,Hall,Ohio
26,Isla,Hayes,Washington
27,Tara,Sanchez,Texas
28,Olivia,Reed,Washington
29,Henry,Hall,Washington
30,Samuel,Brown,Wisconsin
31,Ursula,Sanchez,California
32,Jake,Brown,Texas
33,Noah,Smith,Ohio
34,Quinn,Clark,West Virginia
35,Jake,Clark,Washington
36,Patrick,Brooks,Texas
37,Tara,Brown,Wisconsin
38,Tara,Martin,New York
39,Rachel,Hall,Florida
40,Gina,Clark,California
41,Ursula,Brooks,West Virginia
42,Samuel,Brown,Virginia
43,Ursula,Lee,Ohio
44,Quinn,Hayes,Wisconsin
45,Rachel,Sanchez,Florida
46,Gina,Brooks,Ohio
47,Samuel,Brooks,Washington
48,Noah,Davis,California
49,Leo,Adams,New York
50,Isla,Davis,Florida
51,Isla,Clark,New York
52,Henry,Hayes,Ohio
53,Isla,Lee,West Virginia
54,Gina,Smith,Florida
55,Henry,Hall,Vermont
56,Jake,Scott,New York
57,Leo,Brown,Florida
58,Isla,Reed,Florida
59,Tara,Smith,New York
60,Olivia,Smith,Virginia
61,Samuel,Hayes,Florida
62,Noah,Brown,California
63,Henry,Brooks,Vermont
64,Noah,Lee,Florida
65,Patrick,Hayes,Wisconsin
66,Leo,Hughes,Ohio
67,Jake,Walker,Ohio
68,Samuel,Scott,California
69,Mia,Hughes,West Virginia
70,Quinn,Smith,Vermont
71,Isla,Martin,Virginia
72,Rachel,Brooks,California
73,Rachel,Reed,Virginia
74,Gina,Davis,New York
75,Samuel,Hayes,West Virginia
76,Mia,Hayes,Washington
77,Olivia,Martin,Texas
78,Rachel,Brown,Ohio
79,Rachel,Hughes,New York
80,Tara,Smith,Ohio
81,Kayla,Walker,Vermont
82,Henry,Sanchez,Texas
83,Tara,Green,Vermont
84,Patrick,Green,Florida
85,Olivia,Martin,Virginia
86,Leo,Hall,California
87,Kayla,Sanchez,Ohio
88,Quinn,Hayes,New York
89,Gina,Green,West Virginia
90,Olivia,Smith,California
91,Olivia,Smith,Wisconsin
92,Leo,Hayes,Florida
93,Tara,Hall,West Virginia
94,Isla,Green,California
95,Mia,Scott,Virginia
96,Tara,Hughes,Vermont
97,Gina,Martin,West Virginia
98,Jake,Green,Florida
99,Gina,Green,California
100,Tara,Clark,West Virginia
101,Olivia,Scott,Wisconsin
102,Isla,Clark,California
103,Jake,Hayes,Washington
104,Kayla,Martin,Florida
105,Olivia,Adams,Wisconsin
106,Gina,Brown,Texas
107,Rachel,Smith,California
108,Leo,Adams,California
109,Quinn,Hall,Wisconsin
110,Leo,Lee,California
111,Quinn,Walker,Florida
112,Tara,Brown,Texas
113,Kayla,Adams,Florida
114,Ursula,Green,Ohio
115,Rachel,Hall,Virginia
116,Patrick,Brooks,West Virginia
117,Noah,Martin,Wisconsin
118,Jake,Hughes,Wisconsin
119,Ursula,Martin,Ohio
120,Jake,Lee,Texas
121,Olivia,Clark,California
122,Henry,Reed,West Virginia
123,Isla,Davis,Florida
124,Ursula,Reed,Vermont
125,Jake,Clark,New York
126,Mia,Hughes,New York
127,Isla,Martin,Florida
128,Quinn,Lee,New York
129,Mia,Sanchez,West Virginia
130,Ursula,Hall,New York
131,Rachel,Brooks,Virginia
132,Leo,Hughes,Ohio
133,Ursula,Martin,Texas
134,Tara,Sanchez,West Virginia
135,Henry,Hall,Virginia
136,Kayla,Sanchez,Virginia
137,Jake,Hall,Washington
138,Olivia,Walker,Washington
139,Jake,Adams,Ohio
140,Samuel,Martin,Texas
141,Tara,Walker,Virginia
142,Ursula,Adams,Wisconsin
143,Jake,Lee,Florida
144,Quinn,Davis,Washington
145,Patrick,Green,New York
146,Noah,Scott,Wisconsin
147,Kayla,Clark,California
148,Kayla,Martin,New York
149,Jake,Adams,Washington
150,Gina,Lee,Virginia
151,Gina,Hayes,Wisconsin
152,Henry,Hughes,California
153,Mia,Lee,California
154,Henry,Walker,California
155,Jake,Brown,Texas
156,Rachel,Brown,West Virginia
157,Patrick,Scott,New York
158,Quinn,Lee,Ohio
159,Rachel,Clark,Ohio
160,Leo,Brown,Virginia
161,Leo,Martin,Ohio
162,Ursula,Hall,Texas
163,Gina,Clark,Florida
164,Mia,Hayes,California
165,Gina,Walker,California
166,Leo,Reed,Vermont
167,Patrick,Brooks,Virginia
168,Gina,Clark,Wisconsin
169,Rachel,Lee,Ohio
170,Ursula,Brown,Wisconsin
171,Noah,Brooks,Ohio
172,Mia,Smith,Washington
173,Quinn,Reed,New York
174,Samuel,Lee,Ohio
175,Mia,Hall,Texas
176,Jake,Lee,New York
177,Henry,Adams,California
178,Samuel,Adams,Washington
179,Olivia,Green,West Virginia
180,Tara,Martin,Virginia
181,Patrick,Hughes,New York
182,Samuel,Brooks,Vermont
183,Samuel,Reed,Ohio
184,Leo,Brooks,West Virginia
185,Jake,Hall,California
186,Ursula,Hughes,Wisconsin
187,Olivia,Lee,New York
188,Noah,Hayes,California
189,Olivia,Smith,Florida
190,Samuel,Martin,Vermont
191,Tara,Scott,Washington
192,Gina,Lee,New York
193,Leo,Reed,Florida
194,Gina,Davis,Texas
195,Quinn,Brown,Ohio
196,Patrick,Brooks,New York
197,Henry,Clark,Wisconsin
198,Olivia,Clark,Vermont
199,Patrick,Smith,Texas
200,Kayla,Green,Washington
201,Patrick,Adams,Vermont
202,Noah,Scott,Wisconsin
203,Jake,Green,Florida
204,Henry,Clark,Virginia
205,Leo,Adams,Vermont
206,Kayla,Walker,West Virginia
207,Samuel,Reed,Washington
208,Jake,Adams,Texas
209,Leo,Clark,Vermont
210,Ursula,Hughes,West Virginia
211,Patrick,Reed,Texas
212,Quinn,Reed,West Virginia
213,Henry,Walker,Washington
214,Henry,Walker,Vermont
215,Patrick,Reed,Florida
216,Tara,Green,Florida
217,Noah,Sanchez,Washington
218,Tara,Smith,Texas
219,Jake,Walker,Washington
220,Kayla,Reed,Virginia
221,Olivia,Brooks,Washington
222,Mia,Hall,Florida
223,Isla,Reed,Florida
224,Ursula,Hughes,New York
225,Olivia,Davis,Washington
226,Noah,Scott,New York
227,Isla,Smith,Texas
228,Tara,Sanchez,Wisconsin
229,Samuel,Smith,Texas
230,Olivia,Sanchez,New York
231,Noah,Sanchez,Wisconsin
232,Tara,Walker,Vermont
233,Olivia,Brown,Wisconsin
234,Quinn,Smith,Virginia
235,Noah,Clark,Vermont
236,Gina,Smith,Ohio
237,Olivia,Brooks,California
238,Noah,Scott,Ohio
239,Ursula,Davis,Vermont
240,Samuel,Hughes,Wisconsin
241,Leo,Davis,Florida
242,Samuel,Davis,Florida
243,Kayla,Clark,California
244,Noah,Davis,West Virginia
245,Henry,Adams,Ohio
246,Kayla,Hughes,Virginia
247,Quinn,Hayes,Ohio
248,Samuel,Brooks,Virginia
249,Patrick,Hall,Ohio
250,Ursula,Hall,Vermont
251,Ursula,Hughes,Texas
252,Olivia,Lee,California
253,Jake,Sanchez,Florida
254,Ursula,Davis,West Virginia
255,Quinn,Martin,Virginia
256,Leo,Smith,Wisconsin
257,Leo,Reed,Vermont
258,Kayla,Sanchez,Texas
259,Mia,Lee,Virginia
260,Olivia,Davis,Washington
261,Mia,Hall,Virginia
262,Gina,Clark,Washington
263,Noah,Sanchez,New York
264,Quinn,Hayes,New York
265,Rachel,Martin,Wisconsin
266,Olivia,Hayes,Virginia
267,Samuel,Green,New York
268,Jake,Walker,Vermont
269,Jake,Hall,West Virginia
270,Gina,Sanchez,Florida
271,Kayla,Walker,Texas
272,Olivia,Davis,Florida
273,Noah,Scott,Virginia
274,Henry,Walker,Wisconsin
275,Rachel,Lee,Vermont
276,Ursula,Scott,Texas
277,Ursula,Green,Texas
278,Samuel,Walker,Wisconsin
279,Gina,Lee,Washington
280,Samuel,Smith,Florida
281,Noah,Brown,West Virginia
282,Gina,Davis,California
283,Gina,Brooks,Vermont
284,Gina,Martin,Vermont
285,Ursula,Hall,Virginia
286,Noah,Hughes,Wisconsin
287,Patrick,Scott,Wisconsin
288,Kayla,Hall,Vermont
289,Jake,Davis,Vermont
290,Mia,Davis,Washington
291,Kayla,Clark,Florida
292,Noah,Walker,Washington
293,Leo,Martin,Vermont
294,Olivia,Walker,New York
295,Noah,Lee,Texas
296,Gina,Hall,Ohio
297,Henry,Adams,Texas
298,Ursula,Brooks,Florida
299,Isla,Clark,Vermont
300,Jake,Green,Virginia
301,Mia,Brooks,Ohio
302,Henry,Brooks,Texas
303,Rachel,Adams,Wisconsin
304,Samuel,Davis,West Virginia
305,Mia,Lee,California
306,Noah,Hall,New York
307,Tara,Hughes,California
308,Quinn,Hughes,Texas
309,Samuel,Hughes,Florida
310,Tara,Sanchez,West Virginia
311,Mia,Hall,Ohio
312,Rachel,Hughes,Texas
313,Noah,Hughes,Wisconsin
314,Jake,Lee,West Virginia
315,Tara,Brooks,Ohio
316,Isla,Walker,Texas
317,Quinn,Sanchez,Florida
318,Kayla,Brown,New York
319,Henry,Walker,Wisconsin
320,Leo,Clark,Vermont
321,Quinn,Brooks,Washington
322,Noah,Adams,Texas
323,Rachel,Green,Texas
324,Isla,Davis,Washington
325,Noah,Adams,Texas
326,Quinn,Green,Ohio
327,Isla,Lee,Virginia
328,Tara,Reed,Washington
329,Gina,Smith,Washington
330,Rachel,Adams,Virginia
331,Gina,Smith,Texas
332,Isla,Sanchez,Ohio
333,Leo,Brown,Ohio
334,Gina,Lee,Vermont
335,Isla,Walker,Florida
336,Tara,Walker,Texas
337,Ursula,Walker,West Virginia
338,Henry,Sanchez,Florida
339,Isla,Brown,Florida
340,Leo,Smith,Ohio
341,Henry,Green,Wisconsin
342,Tara,Walker,Texas
343,Leo,Lee,Vermont
344,Tara,Walker,New York
345,Quinn,Smith,Virginia
346,Rachel,Martin,New York
347,Isla,Hughes,California
348,Patrick,Lee,California
349,Mia,Lee,Florida
350,Mia,Brooks,Florida
351,Noah,Smith,California
352,Ursula,Brooks,Virginia
353,Henry,Smith,Wisconsin
354,Samuel,Scott,Texas
355,Mia,Hughes,Wisconsin
356,Patrick,Brooks,Wisconsin
357,Henry,Hall,Vermont
358,Rachel,Walker,Virginia
359,Henry,Clark,Virginia
360,Quinn,Clark,Florida
361,Gina,Brooks,New York
362,Mia,Smith,California
363,Kayla,Hughes,Vermont
364,Samuel,Hayes,Texas
365,Kayla,Green,Texas
366,Isla,Brown,California
367,Gina,Brown,Wisconsin
368,Ursula,Hall,New York
369,Mia,Martin,Virginia
370,Tara,Brooks,Washington
371,Kayla,Scott,Virginia
372,Noah,Brooks,New York
373,Samuel,Scott,Florida
374,Quinn,Adams,Florida
375,Isla,Hall,Texas
376,Kayla,Hayes,Ohio
377,Olivia,Martin,West Virginia
378,Ursula,Reed,New York
379,Jake,Clark,West Virginia
380,Samuel,Reed,West Virginia
381,Mia,Sanchez,Florida
382,Quinn,Lee,Texas
383,Noah,Reed,Florida
384,Rachel,Clark,Ohio
385,Patrick,Brown,West Virginia
386,Ursula,Hayes,California
387,Tara,Hayes,Florida
388,Mia,Hughes,Ohio
389,Henry,Hayes,Ohio
390,Gina,Smith,Florida
391,Tara,Scott,West Virginia
392,Ursula,Green,Vermont
393,Patrick,Scott,Ohio
394,Olivia,Brown,New York
395,Rachel,Hayes,Florida
396,Gina,Hughes,California
397,Samuel,Reed,Ohio
398,Samuel,Davis,California
399,Henry,Sanchez,Ohio
400,Samuel,Sanchez,Wisconsin
401,Patrick,Sanchez,Vermont
402,Henry,Walker,West Virginia
403,Ursula,Sanchez,California
404,Ursula,Smith,Texas
405,Isla,Martin,Washington
406,Gina,Martin,Wisconsin
407,Rachel,Lee,Texas
408,Noah,Scott,Washington
409,Noah,Smith,Florida
410,Ursula,Lee,Washington
411,Samuel,Hughes,Virginia
412,Noah,Smith,Wisconsin
413,Tara,Brooks,Virginia
414,Isla,Green,West Virginia
415,Jake,Hall,Florida
416,Samuel,Scott,Washington
417,Quinn,Hall,Virginia
418,Patrick,Hughes,California
419,Olivia,Martin,Virginia
420,Gina,Davis,Washington
421,Olivia,Scott,New York
422,Henry,Smith,West Virginia
423,Patrick,Hughes,Florida
424,Quinn,Smith,West Virginia
425,Ursula,Walker,Texas
426,Gina,Brown,West Virginia
427,Gina,Brown,Washington
428,Ursula,Reed,Wisconsin
429,Ursula,Walker,Florida
430,Gina,Walker,Washington
431,Leo,Brooks,Florida
432,Henry,Smith,New York
433,Tara,Hughes,West Virginia
434,Quinn,Smith,Virginia
435,Jake,Reed,West Virginia
436,Quinn,Walker,Texas
437,Rachel,Hughes,Texas
438,Rachel,Reed,Wisconsin
439,Patrick,Davis,Florida
440,Jake,Lee,Ohio
441,Noah,Brooks,Virginia
442,Rachel,Scott,Ohio
443,Samuel,Smith,Vermont
444,Kayla,Walker,Ohio
445,Isla,Lee,Ohio
446,Rachel,Smith,Wisconsin
447,Noah,Reed,Texas
448,Leo,Smith,Vermont
449,Gina,Lee,Virginia
450,Jake,Davis,Texas
451,Tara,Brooks,New York
452,Mia,Reed,Florida
453,Henry,Davis,California
454,Rachel,Brooks,Virginia
455,Mia,Martin,New York
456,Olivia,Sanchez,West Virginia
457,Kayla,Adams,California
458,Rachel,Walker,Florida
459,Gina,Hayes,Virginia
460,Leo,Brown,New York
461,Mia,Adams,Washington
462,Leo,Adams,Florida
463,Patrick,Hayes,Vermont
464,Ursula,Brown,Washington
465,Mia,Smith,Vermont
466,Gina,Sanchez,West Virginia
467,Olivia,Reed,Washington
468,Isla,Walker,Virginia
469,Jake,Green,West Virginia
470,Leo,Reed,West Virginia
471,Patrick,Green,California
472,Patrick,Scott,Ohio
473,Mia,Reed,Ohio
474,Patrick,Lee,Wisconsin
475,Kayla,Walker,Vermont
476,Quinn,Hughes,California
477,Samuel,Hayes,Virginia
478,Quinn,Davis,Washington
479,Noah,Sanchez,Texas
480,Jake,Martin,New York
481,Olivia,Hall,New York
482,Olivia,Lee,Texas
483,Ursula,Clark,Ohio
484,Isla,Sanchez,New York
485,Kayla,Adams,Texas
486,Gina,Davis,Ohio
487,Quinn,Hall,California
488,Rachel,Smith,California
489,Tara,Brooks,Vermont
490,Rachel,Walker,Ohio
491,Quinn,Hughes,New York
492,Jake,Davis,Wisconsin
493,Gina,Reed,Florida
494,Rachel,Scott,New York
495,Quinn,Brown,Virginia
496,Quinn,Sanchez,Florida
497,Quinn,Hall,Virginia
498,Quinn,Scott,West Virginia
499,Samuel,Brooks,Vermont
500,Patrick,Martin,Texas
501,Jake,Martin,West Virginia
502,Noah,Brooks,California
503,Quinn,Davis,Texas
504,Quinn,Adams,Virginia
505,Leo,Clark,West Virginia
506,Kayla,Scott,Vermont
507,Ursula,Hughes,Wisconsin
508,Ursula,Scott,Texas
509,Isla,Martin,Texas
510,Henry,Martin,Washington
511,Noah,Green,Ohio
512,Tara,Hughes,West Virginia
513,Tara,Hughes,Texas
514,Patrick,Hayes,Vermont
515,Isla,Sanchez,West Virginia
516,Noah,Walker,Ohio
517,Ursula,Brooks,Vermont
518,Quinn,Scott,Wisconsin
519,Patrick,Walker,California
520,Leo,Davis,California
521,Tara,Green,Ohio
522,Olivia,Walker,Virginia
523,Quinn,Hughes,Virginia
524,Quinn,Green,Virginia
525,Mia,Scott,Vermont
526,Gina,Hayes,Ohio
527,Leo,Walker,Wisconsin
528,Olivia,Adams,California
529,Olivia,Hayes,Vermont
530,Kayla,Smith,Virginia
531,Kayla,Hayes,New York
532,Noah,Scott,Vermont
533,Olivia,Lee,West Virginia
534,Ursula,Sanchez,Florida
535,Olivia,Brooks,Virginia
536,Rachel,Brown,California
537,Ursula,Davis,New York
538,Noah,Martin,Vermont
539,Patrick,Walker,Wisconsin
540,Olivia,Adams,Virginia
541,Tara,Martin,New York
542,Quinn,Walker,New York
543,Mia,Lee,Virginia
544,Leo,Lee,Washington
545,Gina,Hughes,California
546,Rachel,Adams,Washington
547,Olivia,Scott,New York
548,Jake,Brooks,Wisconsin
549,Olivia,Brown,California
550,Tara,Green,Vermont
551,Isla,Lee,Vermont
552,Quinn,Green,Texas
553,Leo,Scott,Texas
554,Patrick,Smith,Washington
555,Mia,Smith,Wisconsin
556,Patrick,Clark,New York
557,Mia,Davis,Florida
558,Kayla,Hayes,Florida
559,Noah,Sanchez,California
560,Olivia,Sanchez,Texas
561,Olivia,Sanchez,Ohio
562,Tara,Green,New York
563,Kayla,Adams,Florida
564,Henry,Walker,Texas
565,Samuel,Smith,New York
566,Rachel,Hughes,Vermont
567,Noah,Brooks,California
568,Quinn,Hayes,Washington
569,Henry,Davis,New York
570,Ursula,Lee,Washington
571,Jake,Brown,New York
572,Isla,Davis,Wisconsin
573,Olivia,Brooks,Wisconsin
574,Leo,Smith,Washington
575,Ursula,Martin,Florida
576,Noah,Martin,Florida
577,Rachel,Hughes,New York
578,Isla,Smith,Vermont
579,Olivia,Adams,Virginia
580,Tara,Reed,Wisconsin
581,Olivia,Hall,New York
582,Mia,Adams,Ohio
583,Isla,Reed,Virginia
584,Kayla,Reed,Washington
585,Rachel,Sanchez,West Virginia
586,Gina,Hayes,Ohio
587,Ursula,Martin,Vermont
588,Rachel,Walker,Vermont
589,Kayla,Reed,Vermont
590,Patrick,Scott,Florida
591,Mia,Brown,Washington
592,Kayla,Brown,Texas
593,Patrick,Smith,Florida
594,Henry,Davis,California
595,Isla,Hall,Florida
596,Tara,Hayes,New York
597,Olivia,Brooks,Texas
598,Patrick,Smith,Virginia
599,Gina,Smith,Wisconsin
600,Kayla,Davis,Vermont
601,Kayla,Sanchez,Ohio
602,Gina,Green,West Virginia
603,Leo,Smith,Washington
604,Gina,Sanchez,Texas
605,Mia,Walker,Vermont
606,Patrick,Scott,West Virginia
607,Mia,Clark,Virginia
608,Henry,Smith,Wisconsin
609,Henry,Davis,New York
610,Patrick,Lee,California
611,Ursula,Brown,Texas
612,Quinn,Davis,Vermont
613,Patrick,Reed,Washington
614,Quinn,Martin,Florida
615,Isla,Lee,Vermont
616,Patrick,Sanchez,Washington
617,Tara,Davis,West Virginia
618,Gina,Adams,Florida
619,Patrick,Brooks,Florida
620,Leo,Adams,Texas
621,Samuel,Walker,Washington
622,Ursula,Hall,Virginia
623,Rachel,Brooks,Virginia
624,Quinn,Lee,Wisconsin
625,Mia,Lee,Ohio
626,Samuel,Davis,Washington
627,Henry,Brooks,Virginia
628,Mia,Brown,Ohio
629,Rachel,Smith,Virginia
630,Patrick,Hall,Wisconsin
631,Patrick,Green,Virginia
632,Patrick,Brown,Wisconsin
633,Patrick,Walker,Washington
634,Mia,Adams,Virginia
635,Henry,Davis,Washington
636,Gina,Davis,Vermont
637,Leo,Brown,Texas
638,Noah,Martin,West Virginia
639,Ursula,Hall,Washington
640,Mia,Scott,Washington
641,Tara,Brooks,Vermont
642,Samuel,Smith,Ohio
643,Samuel,Lee,Virginia
644,Noah,Brooks,Wisconsin
645,Henry,Scott,Washington
646,Quinn,Hall,California
647,Gina,Hughes,Texas
648,Ursula,Martin,Vermont
649,Tara,Clark,California
650,Samuel,Reed,Texas
651,Rachel,Sanchez,Virginia
652,Samuel,Reed,Ohio
653,Henry,Hughes,Virginia
654,Mia,Sanchez,West Virginia
655,Jake,Reed,Washington
656,Mia,Davis,Vermont
657,Samuel,Smith,New York
658,Olivia,Hall,Virginia
659,Tara,Hall,West Virginia
660,Mia,Clark,Virginia
661,Mia,Lee,Virginia
662,Henry,Davis,New York
663,Henry,Scott,Texas
664,Mia,Adams,Vermont
665,Jake,Brown,California
666,Tara,Adams,Virginia
667,Henry,Sanchez,New York
668,Quinn,Smith,West Virginia
669,Rachel,Lee,New York
670,Isla,Scott,Wisconsin
671,Gina,Brown,Washington
672,Gina,Smith,Vermont
673,Olivia,Hughes,Florida
674,Patrick,Clark,Virginia
675,Jake,Walker,Wisconsin
676,Ursula,Smith,Virginia
677,Leo,Walker,Florida
678,Jake,Reed,Ohio
679,Ursula,Sanchez,Wisconsin
680,Rachel,Clark,Florida
681,Gina,Hughes,California
682,Quinn,Sanchez,Washington
683,Rachel,Davis,Vermont
684,Olivia,Hall,California
685,Tara,Adams,West Virginia
686,Leo,Hall,Florida
687,Ursula,Smith,New York
688,Quinn,Adams,Virginia
689,Patrick,Adams,Wisconsin
690,Jake,Sanchez,Virginia
691,Ursula,Hughes,Wisconsin
692,Noah,Martin,New York
693,Tara,Davis,Texas
694,Ursula,Lee,West Virginia
695,Ursula,Clark,Washington
696,Samuel,Scott,Wisconsin
697,Olivia,Davis,West Virginia
698,Patrick,Hayes,Ohio
699,Noah,Walker,Florida
700,Leo,Clark,Wisconsin
701,Jake,Martin,Texas
702,Kayla,Clark,Washington
703,Patrick,Green,Ohio
704,Samuel,Green,California
705,Jake,Martin,New York
706,Quinn,Sanchez,West Virginia
707,Isla,Martin,Washington
708,Leo,Smith,New York
709,Noah,Lee,Wisconsin
710,Rachel,Green,West Virginia
711,Rachel,Green,Wisconsin
712,Quinn,Lee,Wisconsin
713,Kayla,Reed,West Virginia
714,Olivia,Smith,California
715,Ursula,Sanchez,Ohio
716,Patrick,Davis,Florida
717,Mia,Hayes,New York
718,Olivia,Adams,New York
719,Ursula,Hayes,Vermont
720,Tara,Scott,Washington
721,Kayla,Reed,New York
722,Jake,Brooks,West Virginia
723,Olivia,Davis,Texas
724,Jake,Scott,Wisconsin
725,Kayla,Brown,Ohio
726,Kayla,Hughes,Texas
727,Leo,Reed,Wisconsin
728,Noah,Lee,Florida
729,Rachel,Walker,Washington
730,Isla,Smith,Washington
731,Tara,Brown,Washington
732,Patrick,Brown,Vermont
733,Samuel,Martin,Florida
734,Jake,Walker,Vermont
735,Quinn,Clark,West Virginia
736,Noah,Brown,West Virginia
737,Rachel,Green,Virginia
738,Patrick,Hayes,Ohio
739,Noah,Reed,New York
740,Mia,Lee,Ohio
741,Patrick,Hayes,Washington
742,Rachel,Clark,Texas
743,Samuel,Sanchez,California
744,Tara,Brooks,Texas
745,Rachel,Green,Ohio
746,Ursula,Scott,Florida
747,Olivia,Hughes,West Virginia
748,Tara,Lee,Washington
749,Kayla,Smith,West Virginia
750,Tara,Hughes,Ohio
751,Tara,Clark,California
752,Leo,Martin,Virginia
753,Ursula,Walker,California
754,Tara,Hall,New York
755,Rachel,Scott,California
756,Noah,Hughes,California
757,Samuel,Martin,Wisconsin
758,Patrick,Hayes,California
759,Jake,Green,Wisconsin
760,Henry,Davis,West Virginia
761,Olivia,Adams,Florida
762,Isla,Walker,Texas
763,Kayla,Walker,California
764,Samuel,Smith,West Virginia
765,Henry,Scott,Vermont
766,Gina,Adams,Ohio
767,Tara,Green,Florida
768,Patrick,Hayes,California
769,Quinn,Davis,Virginia
770,Jake,Brown,Washington
771,Kayla,Sanchez,West Virginia
772,Ursula,Lee,New York
773,Tara,Sanchez,Ohio
774,Leo,Davis,New York
775,Olivia,Green,West Virginia
776,Rachel,Walker,West Virginia
777,Mia,Sanchez,Texas
778,Mia,Brown,Vermont
779,Jake,Smith,West Virginia
780,Kayla,Brooks,New York
781,Gina,Clark,Ohio
782,Isla,Reed,Vermont
783,Tara,Clark,Washington
784,Tara,Brooks,West Virginia
785,Isla,Smith,New York
786,Rachel,Sanchez,Texas
787,Leo,Smith,Virginia
788,Kayla,Hayes,Washington
789,Leo,Davis,Wisconsin
790,Isla,Brooks,Texas
791,Olivia,Reed,Virginia
792,Samuel,Hall,Washington
793,Kayla,Brooks,Florida
794,Kayla,Adams,Texas
795,Jake,Lee,New York
796,Jake,Sanchez,Ohio
797,Noah,Walker,California
798,Samuel,Hughes,Virginia
799,Rachel,Clark,Vermont
800,Tara,Hall,New York
801,Jake,Brown,Wisconsin
802,Samuel,Hall,Texas
803,Leo,Scott,California
804,Isla,Hall,California
805,Kayla,Smith,Florida
806,Noah,Adams,Vermont
807,Mia,Scott,Washington
808,Patrick,Davis,Washington
809,Leo,Lee,New York
810,Tara,Brooks,Florida
811,Patrick,Lee,Virginia
812,Quinn,Green,Vermont
813,Noah,Adams,West Virginia
814,Henry,Sanchez,West Virginia
815,Kayla,Lee,Virginia
816,Ursula,Davis,Texas
817,Patrick,Adams,West Virginia
818,Henry,Clark,California
819,Ursula,Brooks,Vermont
820,Mia,Hughes,Wisconsin
821,Jake,Hayes,Texas
822,Rachel,Reed,Florida
823,Samuel,Sanchez,Washington
824,Mia,Sanchez,Ohio
825,Ursula,Martin,California
826,Rachel,Green,Ohio
827,Mia,Walker,Florida
828,Gina,Scott,Texas
829,Isla,Scott,Virginia
830,Gina,Hayes,Texas
831,Patrick,Lee,Florida
832,Jake,Martin,Ohio
833,Jake,Davis,Virginia
834,Gina,Walker,West Virginia
835,Olivia,Martin,Virginia
836,Ursula,Hughes,Ohio
837,Noah,Reed,Ohio
838,Quinn,Sanchez,New York
839,Gina,Hayes,Ohio
840,Samuel,Sanchez,California
841,Isla,Green,Virginia
842,Tara,Davis,West Virginia
843,Jake,Brooks,Florida
844,Olivia,Adams,California
845,Samuel,Smith,Washington
846,Kayla,Davis,Vermont
847,Jake,Hughes,Vermont
848,Noah,Hughes,Vermont
849,Isla,Scott,Texas
850,Olivia,Hughes,Wisconsin
851,Ursula,Brown,Vermont
852,Mia,Adams,Florida
853,Kayla,Clark,Vermont
854,Olivia,Brooks,Virginia
855,Olivia,Lee,Texas
856,Henry,Lee,California
857,Jake,Hughes,Texas
858,Jake,Sanchez,Virginia
859,Noah,Sanchez,Florida
860,Gina,Smith,Florida
861,Tara,Clark,Texas
862,Quinn,Hayes,California
863,Ursula,Martin,Washington
864,Jake,Lee,Washington
865,Gina,Reed,Wisconsin
866,Jake,Walker,Ohio
867,Samuel,Davis,Virginia
868,Noah,Clark,Vermont
869,Rachel,Martin,Vermont
870,Leo,Hall,Texas
871,Leo,Scott,West Virginia
872,Noah,Brown,Wisconsin
873,Tara,Sanchez,Virginia
874,Jake,Brown,Texas
875,Patrick,Martin,Florida
876,Noah,Lee,Washington
877,Tara,Scott,Vermont
878,Rachel,Reed,Florida
879,Jake,Hughes,California
880,Kayla,Lee,Virginia
881,Leo,Scott,New York
882,Noah,Hughes,Virginia
883,Leo,Reed,Virginia
884,Olivia,Clark,Vermont
885,Patrick,Lee,West Virginia
886,Kayla,Sanchez,West Virginia
887,Rachel,Davis,Virginia
888,Leo,Adams,West Virginia
889,Henry,Hayes,Vermont
890,Gina,Brooks,California
891,Kayla,Sanchez,California
892,Ursula,Adams,Ohio
893,Mia,Brooks,Florida
894,Tara,Hughes,Florida
895,Ursula,Clark,Texas
896,Tara,Hayes,Florida
897,Gina,Scott,California
898,Olivia,Green,Washington
899,Jake,Hughes,Washington
900,Quinn,Smith,Washington
